parent_id,user_name,password,first_name,last_name,home_address,home_region,work_address,work_region
1,nudo-gemubu14@hotmail.com,dXg+9/Y!,לירון,מועלם,ורמייזה 9,תל אביב,אחד העם 41,הרצליה
2,robe_rehisi41@hotmail.com,U5{5_s]h,מזל,מנשה,ג’ורג’ וייז 20,תל אביב,הבנים 50,הרצליה
3,pilefo-yazo85@outlook.com,6APk)w/),נועה,ימיני,הופיין 10,תל אביב,מוהליבר 16,הרצליה
4,yiva-wususo30@hotmail.com,X5xxGp?D,רועי,כהן,קיציס 20,תל אביב,הינצנים 3,הרצליה
5,bogidu_lotu44@hotmail.com,9@{fEvG],קארין,אלטמן,ישעיהו אברך 5,תל אביב,בר כוכבא 48,הרצליה
6,yuran-ojusu56@mail.com,sZ@PSFb7,עידו,לוי,וייצמן 30,גבעתיים,המקובלים 38,הרצליה
7,nisul-agijo92@yahoo.com,2L@zhGs/,טל,שמש,הצנחנים 4,גבעתיים,שקד 33,תל אביב
8,sebur-ahoka24@outlook.com,qq4Fct6=,מיכל,שוורץ,ביאליק 10,גבעתיים,חריף אייזיק 21,תל אביב
9,fizu_namadi2@outlook.com,q]Jh>Y6M,הדס,גרינברג,גולומב 8,גבעתיים,הרטוב 8,תל אביב
10,vatapa-pawo16@gmail.com,Grx!.!3P,מור,כהן,ריינס 36,גבעתיים,עירית 15,תל אביב
11,wivub_amore52@outlook.com,m*bVZg9!,יובל,צרויה,שביל האספרגוס 30,גבעתיים,כפר יונה 15,תל אביב
12,hoser-isenu57@mail.com,jw^3&r4G,דניאל,יפה,שנקין 15,גבעתיים,גבירטיג מרדכי 5,תל אביב
13,neves-obegi6@gmail.com,5d]vdeJz,עינבר,בלומנטל,משמר הירדן 18,גבעתיים,המצביאים 28,תל אביב
14,nebim_ahoyu21@hotmail.com,Pm9$%E=],אביטל,אלטמן,שדרות הצנחנים 2,רמת גן,קהילת בריסק 10,תל אביב
15,pak_agameda87@mail.com,Vq)$ncM9,עידו,ווינשטיין,שדה בוקר 8,גבעתיים,החשמונאים 96,תל אביב
16,yugigo-donu83@gmail.com,>J(gbx4&,יסמין,שיף,"הרא""ה 5",רמת גן,זינגר בשביס יצחק 7,תל אביב
17,jufuv-orifi98@mail.com,S6(@uqgU,אדל,בן חמו,המעין 1,גבעתיים,בר כוכבא 26,תל אביב
18,dumu_xesunu26@aol.com,j?_)f6K{,דנה,סילברשטיין,אהרון שר 5,גבעתיים,בירנית 4,תל אביב
19,veb_eboxete56@mail.com,HLQDG)2x,שקד,לוין,ריינס 4,גבעתיים,חירותנו 1,תל אביב
20,radej_eguhi57@gmail.com,^>}!Yc88,מירב,בנימין,רותם 4,גבעתיים,התקוה 70,תל אביב
21,votoyoj_uhi12@gmail.com,kzJv2z/h,שירה,בוכבוכט,ז'בוטינסקי 22,גבעתיים,פעמונית 7,תל אביב
22,tarida_sobi13@mail.com,4S+AV(td,תום,גסר,הצנחנים 11,גבעתיים,המלך ג'ורג' 35,תל אביב
23,susug_acadu77@gmail.com,6y8$p>eR,מיכל,לולו,שדה בוקר 8,גבעתיים,קיפניס לוין 6,תל אביב
24,ledoli_bave43@yahoo.com,b5Xu>ZUq,ענת,קופמן,"הל""ה 58",גבעתיים,ויצמן 7,תל אביב
25,curiyi_cavo61@gmail.com,FM(=8bBe,ליטל,מזרחי,אילת 8,גבעתיים,נגבה 33,תל אביב
26,hahazu_zula31@hotmail.com,[/4qg+ZM,הילה,גולדברג,ישראל טרייבר 59,גבעתיים,מגן אברהם 25,תל אביב
27,sodu-tofubo51@outlook.com,GrmgR(64,תמר,סבן,צהל 28,גבעתיים,סלע יעקב 22,תל אביב
28,piwon-acadi36@outlook.com,[G9T@5y^,לינוי,קורן,דויד אלעזר 6,כפר סבא,דרך ההגנה 118,תל אביב
29,min_upivode38@outlook.com,vC[L_N7b,לימור,חזן,סוקולוב 15,כפר סבא,ברון עקיבא 8,תל אביב
30,sugiya_fawi51@aol.com,[4s4&X4C,זיו,טלמור,הדר 1,כפר סבא,פיינשטיין מאיר 20,תל אביב
31,laviw_okute94@outlook.com,Ubg%C=4f,נוגה,קדארי,גולומב 5,כפר סבא,ליוויק 7,תל אביב
32,bawob_imitu70@hotmail.com,f&8daCNB,עדי,וייס,סירני 2,כפר סבא,ארלוזורוב 95,תל אביב
33,bigilu_hulu32@hotmail.com,ahU2(/+6,דור,שרון,משעול הקלע 8,כפר סבא,דם המכבים 21,תל אביב
34,cagu-gegodo71@outlook.com,^_Neru7(,צור,לוי,"רחוב ל""ה 16",כפר סבא,בורלא יהודה 2,תל אביב
35,guge-pobazi61@aol.com,Y8]KJk@*,אבי,דגני,אוסטשינסקי 23,כפר סבא,ישראל מסלנט 22,תל אביב
36,sulozo_fico2@gmail.com,kq2ga@Z%,שרה,לנדסמן,השחר 6,כפר סבא,"וייז ג'ורג' ד""ר 1",תל אביב
37,zuf_oxipubi55@aol.com,t&d3eP5P,דבורה,גיל,רחל המשוררת 6,כפר סבא,קובנר אבא 16,תל אביב
38,gepew-ayini21@aol.com,}Z_L4Rjz,אריאל,מנדנבליט,גאולה 31,כפר סבא,דפנה 7,תל אביב
39,yerijaj_ogo30@yahoo.com,RHj>3Y9!,תמר,פיירמן,הגליל 56,כפר סבא,פרנקל ידידיה 17,תל אביב
40,gisetuj-esu26@aol.com,j7Y6zh*d,רן,נסינג,רופין 30,כפר סבא,שלומציון המלכה 38,תל אביב
41,yamo-joseza63@yahoo.com,gKHDY9f],קרן,שחר,רפפורט 3,כפר סבא,סלע יעקב 22,תל אביב
42,rac_akemipo4@hotmail.com,%>Qx-C5P,ליהי,רז,התאנה 3,כפר סבא,הרטוב 25,תל אביב
43,zuti-cesetu91@gmail.com,YD69x/mU,סיוון,לוי,שאול המלך 5,כפר סבא,ירושלמי 16,תל אביב
44,berun_azaje98@aol.com,Pt9-5?e},דנה,בר,יגאל ידין 2,כפר סבא,אריסטו 18,תל אביב
45,sekorof-ude24@yahoo.com,_rU_4N_n,יעל,בק,המעפילים 18,כפר סבא,חוני המעגל 5,תל אביב
46,sesuvoy_abu93@outlook.com,38?Qp5U&,זיו,הרוש,ניצנים 11,כפר סבא,חיננית 5,תל אביב
47,yuco_xokupi28@hotmail.com,Sc4+jW5h,אורי,מנחם,בן יהודה 23,כפר סבא,לאה גולדברג 6,תל אביב
48,hukexo-mota36@outlook.com,nU2)*zhV,מיטל,הורביץ,העמק 28,כפר סבא,סנפיר 9,תל אביב
49,miputoz_aho15@hotmail.com,5j5Nt@n5,נעומי,זוהר,האילנות 20,כפר סבא,ארבר מנחם 26,תל אביב
50,jiza-rubahu71@mail.com,ncb)d5EY,אור,שמש,יאנוש קורצ'ק 10,כפר סבא,שדרות גורי ישראל 23,תל אביב
51,nizivof-ere13@yahoo.com,!dwn&C]4,עדי,מזרחי,ישראל ישעיהו 5,כפר סבא,פן אלכסנדר 1,תל אביב
52,rewi_sageja67@hotmail.com,9h+)ykrU,אנה,דויד,חבצלת השרון 13,כפר סבא,פילדלפיה 3,תל אביב
53,humu-milegi1@gmail.com,}9v-8Dfa,ליה,שלום,אהרונוביץ' 15,כפר סבא,דיזנגוף 221,תל אביב
54,lasuc_owucu55@yahoo.com,YHd>)2r5,יעל,מירון,טשרניחובסקי 4,כפר סבא,מאור עינים 4,תל אביב
55,kum-oweteha75@outlook.com,^yuC5B=g,קטי,יעקב,אביבים 10,כפר סבא,ברלין אליהו 4,תל אביב
56,buji-monuka54@hotmail.com,AhvWV&8M,ענת,סגל,פשוש 6,כפר סבא,בן סירא 4,תל אביב
57,wor_imulove50@aol.com,PeX[^8UK,עדי,קפלן,"רש""י 9",כפר סבא,לובטקין צביה 15,תל אביב
58,hiday-uvufe93@yahoo.com,Zks^Ztu2,שמעון,לבייב,שדרות צנחנים 18,רמת גן,זרובבל 3,רמת השרון
59,vov_anohomo25@yahoo.com,s]7)=gH],קארין,מזור,שדרות צנחנים 11,רמת גן,זרובבל 3,רמת השרון
60,zuhuh-owoza91@mail.com,FedMHV]9,טליה,נגבי,שמעוני 10,רמת גן,זרובבל 3,רמת השרון
61,hedu-cuhetu30@mail.com,VWC^]+s2,רעות,עמית,תל חי 36,רמת גן,הרב קוק 43,רמת השרון
62,mekoci_yiho46@gmail.com,4PH6a_ef,נופר,לביא,תל חי 68,רמת גן,הנוטע 4,רמת השרון
63,wexevep_ana64@hotmail.com,*hJEgg3},קרין,לוי,תל חי 47,רמת גן,הפרחים 4,רמת השרון
64,doho_kepake58@mail.com,g8gz!KrF,ורד,אטיאס,משה דיין 13,רמת גן,השופטים 56,רמת השרון
65,darulul_ize43@gmail.com,5X7gSLv@,לירן,יחזקאל,התפוצות 40,רמת גן,אברבוך 14,רמת השרון
66,sasawej_ijo50@yahoo.com,P^V5HQu@,חן,זגורי,אחד העם 34,רמת גן,הירדן 25,רמת השרון
67,pabaheh_idi57@aol.com,$Cctky2*,איילה,אגם,גרנדוס 35,רמת גן,מוהליבר 1,רמת השרון
68,gegub-ecuji67@aol.com,BN?&4hXD,הדס,אליאס,עוזיאל 103,רמת גן,הראשונים 14,רמת השרון
69,rup_eloniwu55@aol.com,+d2>5Jwy,נועם,כץ,עוזיאל 103,רמת גן,המלאכה 16,רמת השרון
70,bapa_xaxexa61@aol.com,Mn&w28n2,תום,גולדמן,בת שוע 9,רמת גן,"הפלמ""ח 8",רמת השרון
71,fobim-evohi80@yahoo.com,V$%hQx_7,מריה,ויטקין,"החי""ל 38",רמת גן,אברבוך 14,רמת השרון
72,pali-kopewi95@gmail.com,A6YVbYJ>,מעיין,הרצוג,שדרות צנחנים 20,רמת גן,רות 6,רמת השרון
73,celided-eyu48@outlook.com,W*r(]A8*,יובל,כהן,המלאכה 14,רמת גן,לילך 3,רמת השרון
